,name,island,k31,k32,cent_DQ1,cent_DQ2,Qx,max_X,BETX,ALFX,ALPHA_C,GAMMA_TR,ALPHA_C_P,ALPHA_C_P2,ALPHA_C_P3,DQ1,DQ2,ORBIT_X,ORBIT_PX
1,"LOE.12002,LOEN.52002",top,-1.8,-1.8,1,1,26.748,0.06824734852,60.36973935,1.803682698,0.001826344431,23.39961207,-0.0004200995384,1.490309857,2159.936732,-1.430976992,-0.4790130476,-0.005075111626,0.0009807709874
1,"LOE.12002,LOEN.52002",top,-1.8,-1.8,1,1.5,26.748,0.06625026711,60.98397665,1.814446116,0.001826639951,23.39771916,-7.260711398e-05,1.924778961,2963.307247,-1.898521357,2.613575447,-0.004851804694,0.0009497933787
1,"LOE.12002,LOEN.52002",top,-1.8,-1.8,1,2,26.748,0.06435165616,61.66912817,1.827270499,0.001826958723,23.39567784,0.0002896603407,2.386083539,3841.254676,-2.302436781,5.623157106,-0.004642979067,0.0009204504171
1,"LOE.12002,LOEN.52002",top,-1.8,-1.8,1,2.5,26.748,0.0625486165,62.41971922,1.842023465,0.001827291795,23.3935455,0.0006567370442,2.856456897,4750.873239,-2.648511135,8.549382079,-0.00444786323,0.00089268309
1,"LOE.12002,LOEN.52002",top,-1.8,-1.8,1,3,26.748,0.06083772403,63.23004078,1.858563555,0.001827631567,23.39137087,0.001019844451,3.319290984,5649.264808,-2.942694225,11.39368816,-0.004265655308,0.0008664251822
1,"LOE.12002,LOEN.52002",top,-1.8,-1.8,1,3.5,26.748,0.05921516105,64.09432916,1.876744823,0.001827971789,23.38919397,0.001371720025,3.760408781,6498.348382,-3.190849705,14.15894011,-0.004095542392,0.0008416054452
1,"LOE.12002,LOEN.52002",top,-1.8,-1.8,1,4,26.748,0.05767684066,65.00691467,1.896420825,0.001828307494,23.38704656,0.001706737774,4.168767544,7267.964129,-3.398571751,16.84906481,-0.003936716944,0.0008181495931
1,"LOE.12002,LOEN.52002",top,-1.8,-1.8,1,4.5,26.748,0.05621851852,65.96233714,1.917447897,0.001828634879,23.38495295,0.002020865985,4.536653881,7937.206003,-3.571062706,19.46871174,-0.003788390026,0.0007959820493
